parallel,seq
538.943434,15116.1139
1102.180922,6802.43455
0.584557,0.05549
0.583189,0.016658
